{
    "product_details": {    
    	"Merlin-AI-iContract-SOWMATCHING" : {
            "git_repo_url" : "http://gitlab.zycus.net/gocd-pipelines/cicd/merlin-ai-icontract-sowmatching.git",
            "build_repos" : [
                {
                    "repo_name": "terraform_files",
                    "repo_url": "http://gitlab.zycus.net/root/gocd-scripts.git",
                    "branch" : "dev",
                    "destination" : "terraform_files"
                },
                {
               "repo_name": "Scripts",
               "repo_url": "git@bitbucket.org:procurement_zycus/sow_matching_ai_engine.git",
               "branch" : "release/Venus_20.12.1.0",
               "destination" : "scripts"
           }
  
            ],
            "lmt_product_name" : "",
            "release_version_release" : "21.01.1.0",
            "release_version_patch" : "21.01.1.0",
            "build_tool" : "merlin-ai",
            "build_agent" : "EA_Merlin_AI_Java",
            "package_agent" : "EA_Package_Legacy",
            "flyway_version" : "",
            "nomad_service" : "service",
            "nfs_required" : "yes",
            "copy_logs_required" : "no",
            "opcache_clear_required" : "no",
            "opcache_username" : "",
            "opcache_password" : "",
            "opcache_node_type" : "",
            "static_content_rsync_required" : "no",
            "auto_deploy" : "no",
            "test_pipeline_required" : "no",
            "os" : "ubuntu",
            "model_push" : "yes",
            "symphonycache_clear_required" : "no",
            "setup_execution": "yes",
            "coverage_pipeline_required" : "no"
        }
    }
}
